养殖场,预测指标,模型,MAE,RMSE,R2,训练集数量,测试集数量,训练开始时间,训练结束时间,测试开始时间,测试结束时间
天津市滨海新区志敏养殖场,水温,baseline,1.2627630375114367,1.6867222717323425,0.9564238590616876,4371,1093,2022-01-03 00:13:00,2025-09-18 15:40:00,2025-09-18 21:02:00,2026-09-22 15:38:00
天津市滨海新区志敏养殖场,水温,knn,1.9857822506861849,2.534346461192982,0.901622999056485,4371,1093,2022-01-03 00:13:00,2025-09-18 15:40:00,2025-09-18 21:02:00,2026-09-22 15:38:00
天津市滨海新区志敏养殖场,水温,random_forest,0.9611733760292774,1.2665402055116504,0.9754303160794782,4371,1093,2022-01-03 00:13:00,2025-09-18 15:40:00,2025-09-18 21:02:00,2026-09-22 15:38:00
天津市滨海新区志敏养殖场,pH,baseline,0.6256084172003661,0.8862319362507431,-0.5706246973938305,4371,1093,2022-01-03 00:13:00,2025-09-18 15:40:00,2025-09-18 21:02:00,2026-09-22 15:38:00
天津市滨海新区志敏养殖场,pH,knn,0.42080695333943274,0.611632582005357,0.2519013780113236,4371,1093,2022-01-03 00:13:00,2025-09-18 15:40:00,2025-09-18 21:02:00,2026-09-22 15:38:00
天津市滨海新区志敏养殖场,pH,random_forest,0.2840601555352235,0.43698163845230853,0.6181401415146262,4371,1093,2022-01-03 00:13:00,2025-09-18 15:40:00,2025-09-18 21:02:00,2026-09-22 15:38:00
天津市滨海新区志敏养殖场,溶解氧,baseline,1.169487648673376,1.7279142215926309,0.4500621566554901,4371,1093,2022-01-03 00:13:00,2025-09-18 15:40:00,2025-09-18 21:02:00,2026-09-22 15:38:00
天津市滨海新区志敏养殖场,溶解氧,knn,1.092999085086917,1.4908880471916461,0.5905891821728135,4371,1093,2022-01-03 00:13:00,2025-09-18 15:40:00,2025-09-18 21:02:00,2026-09-22 15:38:00
天津市滨海新区志敏养殖场,溶解氧,random_forest,0.9821893870082341,1.3252688234384218,0.6764978205698946,4371,1093,2022-01-03 00:13:00,2025-09-18 15:40:00,2025-09-18 21:02:00,2026-09-22 15:38:00
天津市滨海新区志敏养殖场,氨氮,baseline,0.06581701738334858,0.08213282260429049,-0.9860247150028574,4371,1093,2022-01-03 00:13:00,2025-09-18 15:40:00,2025-09-18 21:02:00,2026-09-22 15:38:00
天津市滨海新区志敏养殖场,氨氮,knn,0.05205983531564501,0.06408305081413371,-0.20903120631069205,4371,1093,2022-01-03 00:13:00,2025-09-18 15:40:00,2025-09-18 21:02:00,2026-09-22 15:38:00
天津市滨海新区志敏养殖场,氨氮,random_forest,0.048150658737419944,0.05916535683764213,-0.030590485525358924,4371,1093,2022-01-03 00:13:00,2025-09-18 15:40:00,2025-09-18 21:02:00,2026-09-22 15:38:00
天津市滨海新区志敏养殖场,盐度,baseline,0.07729002744739248,0.09974189930808729,0.9978608828963104,4371,1093,2022-01-03 00:13:00,2025-09-18 15:40:00,2025-09-18 21:02:00,2026-09-22 15:38:00
天津市滨海新区志敏养殖场,盐度,knn,0.748499725526075,0.9467751986310738,0.8072594748273083,4371,1093,2022-01-03 00:13:00,2025-09-18 15:40:00,2025-09-18 21:02:00,2026-09-22 15:38:00
天津市滨海新区志敏养殖场,盐度,random_forest,0.09010767154620403,0.12217042697438979,0.9967906914301551,4371,1093,2022-01-03 00:13:00,2025-09-18 15:40:00,2025-09-18 21:02:00,2026-09-22 15:38:00
天津市滨海新区志敏养殖场,亚硝酸盐,baseline,0.08568709972552609,0.13394839989147247,-0.9009890603080832,4371,1093,2022-01-03 00:13:00,2025-09-18 15:40:00,2025-09-18 21:02:00,2026-09-22 15:38:00
天津市滨海新区志敏养殖场,亚硝酸盐,knn,0.06968270814272644,0.10543318598199004,-0.17776655646556505,4371,1093,2022-01-03 00:13:00,2025-09-18 15:40:00,2025-09-18 21:02:00,2026-09-22 15:38:00
天津市滨海新区志敏养殖场,亚硝酸盐,random_forest,0.07309000914913083,0.10179188146442576,-0.09781924800708008,4371,1093,2022-01-03 00:13:00,2025-09-18 15:40:00,2025-09-18 21:02:00,2026-09-22 15:38:00
天津市滨海新区李金山养殖场,水温,baseline,1.2134806629834256,1.6525277807947263,0.9575183465740137,4343,1086,2022-01-11 00:04:00,2025-09-27 21:00:00,2025-09-28 00:03:00,2026-09-27 10:15:00
天津市滨海新区李金山养殖场,水温,knn,1.8680202578268879,2.3688596498137358,0.912706373914968,4343,1086,2022-01-11 00:04:00,2025-09-27 21:00:00,2025-09-28 00:03:00,2026-09-27 10:15:00
天津市滨海新区李金山养殖场,水温,random_forest,0.9751551565377531,1.2802155333866614,0.9745041169754839,4343,1086,2022-01-11 00:04:00,2025-09-27 21:00:00,2025-09-28 00:03:00,2026-09-27 10:15:00
天津市滨海新区李金山养殖场,pH,baseline,0.511657458563536,0.6979591401550429,-0.6715456924951224,4343,1086,2022-01-11 00:04:00,2025-09-27 21:00:00,2025-09-28 00:03:00,2026-09-27 10:15:00
天津市滨海新区李金山养殖场,pH,knn,0.31527624309392266,0.4433815271718035,0.3254510902493315,4343,1086,2022-01-11 00:04:00,2025-09-27 21:00:00,2025-09-28 00:03:00,2026-09-27 10:15:00
天津市滨海新区李金山养殖场,pH,random_forest,0.21981321362799275,0.337306807754529,0.6096012055966662,4343,1086,2022-01-11 00:04:00,2025-09-27 21:00:00,2025-09-28 00:03:00,2026-09-27 10:15:00
天津市滨海新区李金山养殖场,溶解氧,baseline,1.3158471454880294,1.9382365349878465,0.64783480350137,4343,1086,2022-01-11 00:04:00,2025-09-27 21:00:00,2025-09-28 00:03:00,2026-09-27 10:15:00
天津市滨海新区李金山养殖场,溶解氧,knn,1.5404438305709025,2.332879161534185,0.4898271181403079,4343,1086,2022-01-11 00:04:00,2025-09-27 21:00:00,2025-09-28 00:03:00,2026-09-27 10:15:00
天津市滨海新区李金山养殖场,溶解氧,random_forest,1.4341195211786375,2.2237054614777736,0.5364597956552222,4343,1086,2022-01-11 00:04:00,2025-09-27 21:00:00,2025-09-28 00:03:00,2026-09-27 10:15:00
天津市滨海新区李金山养殖场,氨氮,baseline,0.06983701657458563,0.08607255815319417,-1.016171658086253,4343,1086,2022-01-11 00:04:00,2025-09-27 21:00:00,2025-09-28 00:03:00,2026-09-27 10:15:00
天津市滨海新区李金山养殖场,氨氮,knn,0.054207366482504606,0.06648563339183745,-0.2029669752943708,4343,1086,2022-01-11 00:04:00,2025-09-27 21:00:00,2025-09-28 00:03:00,2026-09-27 10:15:00
天津市滨海新区李金山养殖场,氨氮,random_forest,0.05012909760589318,0.061045538579644135,-0.01415875289027868,4343,1086,2022-01-11 00:04:00,2025-09-27 21:00:00,2025-09-28 00:03:00,2026-09-27 10:15:00
天津市滨海新区李金山养殖场,盐度,baseline,0.08105340699815833,0.10716139013614741,0.9971397363719432,4343,1086,2022-01-11 00:04:00,2025-09-27 21:00:00,2025-09-28 00:03:00,2026-09-27 10:15:00
天津市滨海新区李金山养殖场,盐度,knn,0.7689307550644567,0.9509321826037872,0.7747688381839748,4343,1086,2022-01-11 00:04:00,2025-09-27 21:00:00,2025-09-28 00:03:00,2026-09-27 10:15:00
天津市滨海新区李金山养殖场,盐度,random_forest,0.093028425414365,0.11840558927572249,0.9965080035544359,4343,1086,2022-01-11 00:04:00,2025-09-27 21:00:00,2025-09-28 00:03:00,2026-09-27 10:15:00
天津市滨海新区李金山养殖场,亚硝酸盐,baseline,0.08639871086556168,0.13271878285413716,-0.994876698077994,4343,1086,2022-01-11 00:04:00,2025-09-27 21:00:00,2025-09-28 00:03:00,2026-09-27 10:15:00
天津市滨海新区李金山养殖场,亚硝酸盐,knn,0.06949189686924494,0.10209745191200657,-0.18054102478314693,4343,1086,2022-01-11 00:04:00,2025-09-27 21:00:00,2025-09-28 00:03:00,2026-09-27 10:15:00
天津市滨海新区李金山养殖场,亚硝酸盐,random_forest,0.07625315837937384,0.10194916438944138,-0.1771142521977509,4343,1086,2022-01-11 00:04:00,2025-09-27 21:00:00,2025-09-28 00:03:00,2026-09-27 10:15:00
